<?xml version="1.0" encoding="UTF-8"?>
<Styles>
    <Style ID="D70AB6F5-EA97-4C51-A35B-8CF5FC185214" Name="Title" Type="Para+Char" FontChange="Size">
        <Format><![CDATA[{\rtf1\ansi\ansicpg1252\uc1\deff0
{\fonttbl{\f0\fnil\fcharset204\fprq2 Calibri;}}
{\colortbl;\red0\green0\blue0;\red255\green255\blue255;\red128\green128\blue128;}
\paperw12240\paperh15840\margl1800\margr1800\margt1440\margb1440\deftab1200\f0\fs56\cf0
\pard\plain \tx560\tx1120\tx1680\tx2240\tx2800\tx3360\tx3920\tx4480\tx5040\tx5600\tx6160\tx6720\sb260\sl262\slmult1\ltrch\loch {\f0\fs56\b0\i0 Attributes}}]]></Format>
    </Style>
    <Style ID="C0D182E4-BD47-4087-AB8D-6C3985878848" Name="Heading 1" Shortcut="4" Type="Para+Char" FontChange="Size">
        <Format><![CDATA[{\rtf1\ansi\ansicpg1252\uc1\deff0
{\fonttbl{\f0\fnil\fcharset204\fprq2 Calibri-Bold;}}
{\colortbl;\red0\green0\blue0;\red255\green255\blue255;\red128\green128\blue128;}
\paperw12240\paperh15840\margl1800\margr1800\margt1440\margb1440\deftab1200\f0\fs36\cf0
\pard\plain \tx560\tx1120\tx1680\tx2240\tx2800\tx3360\tx3920\tx4480\tx5040\tx5600\tx6160\tx6720\sb260\sl262\slmult1\ltrch\loch {\f0\fs36\b1\i0 <$Scr_H::1>Attributes<!$Scr_H::1>}}]]></Format>
    </Style>
    <Style ID="44CBB8A9-7B2F-4BEC-911A-0B57FABAA7FB" Name="Heading 2" Shortcut="5" Type="Para+Char" FontChange="Size">
        <Format><![CDATA[{\rtf1\ansi\ansicpg1252\uc1\deff0
{\fonttbl{\f0\fnil\fcharset204\fprq2 Calibri-Bold;}}
{\colortbl;\red0\green0\blue0;\red255\green255\blue255;\red128\green128\blue128;}
\paperw12240\paperh15840\margl1800\margr1800\margt1440\margb1440\deftab1200\f0\fs26\cf0
\pard\plain \tx560\tx1120\tx1680\tx2240\tx2800\tx3360\tx3920\tx4480\tx5040\tx5600\tx6160\tx6720\sb260\sl262\slmult1\ltrch\loch {\f0\fs26\b1\i0 <$Scr_H::2>Attributes<!$Scr_H::2>}}]]></Format>
    </Style>
    <Style ID="124FB9D3-C233-4EAB-B24A-55A83BEE7C2F" Name="Centered Text" Shortcut="1" Type="Para">
        <Format><![CDATA[{\rtf1\ansi\ansicpg1252\uc1\deff0
{\fonttbl{\f0\fnil\fcharset204\fprq2 Calibri;}}
{\colortbl;\red0\green0\blue0;\red255\green255\blue255;\red128\green128\blue128;}
\paperw12240\paperh15840\margl1800\margr1800\margt1440\margb1440\deftab1200\f0\fs26\cf0
\pard\plain \tx360\tx720\tx1080\tx1440\tx1800\tx2160\tx2880\tx3600\tx4320\sl262\slmult1\qc\ltrch\loch {\f0\fs26\b0\i0 Attributes}}]]></Format>
    </Style>
    <Style ID="205DBABB-6908-4060-A317-50467B73681E" Name="Block Quote" Shortcut="2" Type="Para" FontChange="Size">
        <Format><![CDATA[{\rtf1\ansi\ansicpg1252\uc1\deff0
{\fonttbl{\f0\fnil\fcharset204\fprq2 ArialMT;}}
{\colortbl;\red0\green0\blue0;\red255\green255\blue255;\red128\green128\blue128;}
\paperw12240\paperh15840\margl1800\margr1800\margt1440\margb1440\deftab1200\f0\fs24\cf0
\pard\plain \tx720\tx1080\tx1440\li720\sa240\sb240\sl262\slmult1\ltrch\loch {\f0\fs24\b0\i0 Attributes}}]]></Format>
    </Style>
    <Style ID="CB9BF690-00F4-47DC-A685-F0577A029044" Name="Attribution" Type="Para" FontChange="Size">
        <Format><![CDATA[{\rtf1\ansi\ansicpg1252\uc1\deff0
{\fonttbl{\f0\fnil\fcharset204\fprq2 ArialMT;}}
{\colortbl;\red0\green0\blue0;\red255\green255\blue255;\red128\green128\blue128;}
\paperw12240\paperh15840\margl1800\margr1800\margt1440\margb1440\deftab1200\f0\fs24\cf0
\pard\plain \tx720\tx1080\tx1440\li720\sa240\sl264\slmult1\qr\ltrch\loch {\f0\fs24\b0\i0 Attributes}}]]></Format>
    </Style>
    <Style ID="C2793902-6306-4A81-ACF1-4DBD1CFBFBB4" Name="Code Block" Next="C2793902-6306-4A81-ACF1-4DBD1CFBFBB4" Type="Para+Char" FontChange="Face+Size">
        <Format><![CDATA[{\rtf1\ansi\ansicpg1252\uc1\deff0
{\fonttbl{\f0\fnil\fcharset204\fprq2 Consolas;}}
{\colortbl;\red0\green0\blue0;\red255\green255\blue255;\red128\green128\blue128;}
\paperw12240\paperh15840\margl1800\margr1800\margt1440\margb1440\deftab1200\f0\fs22\cf0
\pard\plain \tx720\tx1080\tx1440\tx1800\tx2160\li720\ltrch\loch {\f0\fs22\b0\i0 Attributes}}]]></Format>
    </Style>
    <Style ID="6867151C-AE90-4D89-8E0E-5D33A6CDBF7C" Name="Verse" Next="6867151C-AE90-4D89-8E0E-5D33A6CDBF7C" Type="Para" FontChange="Size">
        <Format><![CDATA[{\rtf1\ansi\ansicpg1252\uc1\deff0
{\fonttbl{\f0\fnil\fcharset204\fprq2 Calibri;}}
{\colortbl;\red0\green0\blue0;\red255\green255\blue255;\red128\green128\blue128;}
\paperw12240\paperh15840\margl1800\margr1800\margt1440\margb1440\deftab1200\f0\fs24\cf0
\pard\plain \sl264\slmult1\qc\ltrch\loch {\f0\fs24\b0\i0 Attributes}}]]></Format>
    </Style>
    <Style ID="127370B2-79AD-4EF9-BE6B-43770B56533C" Name="Code Span" Type="Char" FontChange="Face+Size">
        <Format><![CDATA[{\rtf1\ansi\ansicpg1252\uc1\deff0
{\fonttbl{\f0\fnil\fcharset204\fprq2 Consolas;}}
{\colortbl;\red0\green0\blue0;\red255\green255\blue255;\red128\green128\blue128;}
\paperw12240\paperh15840\margl1800\margr1800\margt1440\margb1440\deftab1200\f0\fs22\cf0
\pard\plain \tx0\tx360\tx720\tx1080\tx1440\tx1800\tx2160\tx2880\tx3600\tx4320\fi720\ltrch\loch {\f0\fs22\b0\i0 Attributes}}]]></Format>
    </Style>
    <Style ID="CC2B090A-0E02-409A-B91D-A9870BE3F471" Name="Caption" Shortcut="3" Type="Para" FontChange="Size">
        <Format><![CDATA[{\rtf1\ansi\ansicpg1252\uc1\deff0
{\fonttbl{\f0\fnil\fcharset204\fprq2 ArialMT;}}
{\colortbl;\red0\green0\blue0;\red255\green255\blue255;\red128\green128\blue128;}
\paperw12240\paperh15840\margl1800\margr1800\margt1440\margb1440\deftab1200\f0\fs26\cf0
\pard\plain \tx560\tx1120\tx1680\tx2240\tx2800\tx3360\tx3920\tx4480\tx5040\tx5600\tx6160\tx6720\sa160\sl262\slmult1\qc\ltrch\loch {\f0\fs26\b0\i0 Attributes}}]]></Format>
    </Style>
    <Style ID="58DF61E9-86B5-46D6-8972-DA6B54C863D5" Name="Emphasis" Type="Char">
        <Format><![CDATA[{\rtf1\ansi\ansicpg1252\uc1\deff0
{\fonttbl{\f0\fnil\fcharset204\fprq2 Calibri-Italic;}}
{\colortbl;\red0\green0\blue0;\red255\green255\blue255;\red128\green128\blue128;}
\paperw12240\paperh15840\margl1800\margr1800\margt1440\margb1440\deftab1200\f0\fs24\cf0
\pard\plain \tx0\tx360\tx720\tx1080\tx1440\tx1800\tx2160\tx2880\tx3600\tx4320\fi720\ltrch\loch {\f0\fs24\b0\i1 Attributes}}]]></Format>
    </Style>
</Styles>
