<?xml version="1.0" encoding="UTF-8"?>
<CompileSettings>
    <ProjectSettings>
        <Content Scope="Included">
            <CompileGroup Type="BinderItem"/>
            <Filter State="Off" Exclude="No" Type="Label">
                <Label>-1</Label>
            </Filter>
        </Content>
        <Options>
            <RemoveComments>Yes</RemoveComments>
            <RemoveAnnotations>Yes</RemoveAnnotations>
            <ResampleImages DPI="72" MaxSize="0">No</ResampleImages>
            <ConvertRichTextToMMD>No</ConvertRichTextToMMD>
            <Links/>
            <PDF>
                <Cover Source="" Bleed="0.0" BleedUnits="pt"></Cover>
                <Compression Enabled="No">
                    <ImageResolutionCompressionType></ImageResolutionCompressionType>
                    <ImageResolution>300</ImageResolution>
                    <CompressionQuality>0.5</CompressionQuality>
                </Compression>
            </PDF>
            <Scriptwriting>
                <IncludeTitles>Yes</IncludeTitles>
                <IncludeSynopses>Yes</IncludeSynopses>
                <CommentsAsScriptNotes>Yes</CommentsAsScriptNotes>
            </Scriptwriting>
            <Ebook>
                <Cover>
                    <ImageDocument Source="Binder">56EEE84A-61F0-49BA-93B9-4AF1B6EA17C8</ImageDocument>
                    <AddHTMLCover>Yes</AddHTMLCover>
                    <Title>После шторма - сборник текстов с писательского марафона</Title>
                    <SVG Width="-1" Height="-1"><![CDATA[]]></SVG>
                </Cover>
                <TOC PandocDepth="3">
                    <HTML Generate="Yes">
                        <Title>Contents</Title>
                    </HTML>
                </TOC>
            </Ebook>
        </Options>
        <MetaData>
            <Authors>
                <Author>Рома-Артур Невский</Author>
            </Authors>
            <Surname>Невский</Surname>
            <Forename>Рома-Артур</Forename>
            <EbookPublisher>nfprod</EbookPublisher>
            <EbookLanguage>Russian</EbookLanguage>
        </MetaData>
    </ProjectSettings>
    <CurrentFileType>docx</CurrentFileType>
    <FormatSettings>
        <Format ID="E47BF5E6-ECE9-4540-9DDE-793A2264F1DB">
            <Font>ArialMT</Font>
            <FrontAndBackMatter>
                <DefaultFrontMatter Add="Yes">1B5C077A-C730-44C5-BFCE-C3D15026D559</DefaultFrontMatter>
            </FrontAndBackMatter>
        </Format>
    </FormatSettings>
    <LastUsedFormats>
        <docx>EC41574A-FF28-4A8A-8BD9-B00FFE4AD4D5</docx>
        <rtf>EC41574A-FF28-4A8A-8BD9-B00FFE4AD4D5</rtf>
    </LastUsedFormats>
</CompileSettings>
