<?xml version="1.0" encoding="UTF-8"?>
<ProjectPreferences Version="1.0">
    <UseProjectPreferences>No</UseProjectPreferences>
    <TextFormatRTFData><![CDATA[{\rtf1\ansi\ansicpg1252\uc1\deff0
{\fonttbl{\f0\fnil\fcharset204\fprq2 SegoeUI;}}
{\colortbl;\red0\green0\blue0;\red255\green255\blue255;\red128\green128\blue128;}
\paperw12240\paperh15840\margl1800\margr1800\margt1440\margb1440\deftab1200\f0\fs18\cf0
\pard\plain \tx0\tx270\tx540\tx810\tx1080\tx1350\tx1620\tx2160\tx2700\tx3240\fi540\ri1080\sl360\slmult1\ltrch\loch {\f0\fs18\b0\i0 Attributes}}]]></TextFormatRTFData>
    <UseCustomFootnotesFont>No</UseCustomFootnotesFont>
    <FootnotesFont Size="10.0">TimesNewRomanPSMT</FootnotesFont>
    <FootnoteMarker UseMarker="Yes">*</FootnoteMarker>
</ProjectPreferences>
