<?xml version="1.0" encoding="UTF-8"?>
<Snapshots Version="1.0">
    <Snapshot>
        <Title>Первый вариант</Title>
        <Date>2018-09-15 17:16:04 +0700</Date>
    </Snapshot>
    <Snapshot>
        <Title>Второй вариант</Title>
        <Date>2018-11-22 15:53:37 +0700</Date>
        <Comments>
            <Comment ID="14618A7B-424F-41F3-9A92-A78C09AF3B4B" Footnote="Yes" Collapsed="No"><![CDATA[{\rtf1\ansi\ansicpg1252\uc1\deff0
{\fonttbl{\f0\fnil\fcharset204\fprq2 ArialMT;}}
{\colortbl;\red0\green0\blue0;\red255\green255\blue255;}
\paperw12240\paperh15840\margl1800\margr1800\margt1440\margb1440\fet2\ftnbj\aenddoc
\pgnrestart\pgnstarts0
\pard\plain \ltrch\loch {\f0\fs22\b0\i0 \loch\af0\hich\af0\dbch\af0\uc1\u1048\'C8\u1048\'C8 \hich\f0 \emdash \loch\f0  \u1080\'E8\u1089\'F1\u1082\'EA\u1091\'F3\u1089\'F1\u1090\'F2\u1074\'E2\u1077\'E5\u1085\'ED\u1085\'ED\u1099\'FB\u1081\'E9 \u1080\'E8\u1085\'ED\u1090\'F2\u1077\'E5\u1083\'EB\u1083\'EB\u1077\'E5\u1082\'EA\u1090\'F2}}]]></Comment>
        </Comments>
    </Snapshot>
</Snapshots>
