<?xml version="1.0" encoding="UTF-8"?>
<Snapshots Version="1.0">
    <Snapshot>
        <Title>1.0</Title>
        <Date>2020-01-07 21:03:40 +0700</Date>
    </Snapshot>
    <Snapshot>
        <Title>2.0</Title>
        <Date>2020-01-07 21:04:00 +0700</Date>
    </Snapshot>
    <Snapshot>
        <Title>7.0 (На конкурс)</Title>
        <Date>2020-01-07 21:04:52 +0700</Date>
    </Snapshot>
    <Snapshot>
        <Title>7.1 (В журнал)</Title>
        <Date>2020-01-07 21:05:42 +0700</Date>
    </Snapshot>
</Snapshots>
